shot,start_frame,end_frame_exclusive,start_seconds,end_seconds,start_timecode,end_timecode,duration_seconds,chapter,motion_class,sampled_mean_abs_rgb,sampled_changed_fraction,global_translation_total_pct,global_scale_speed_pct_per_s,valid,scale,scale_delta_pct,rotation_deg,translation_x_pct,translation_y_pct,inlier_ratio,residual_mean_abs,residual_changed_fraction
1,0,53,0.0,1.7667,00:00.000,00:01.767,1.7667,Sigurd the Mighty,character_or_graphic_animation,0.189365,0.396007,39.8532,25.7286,True,1.454538,45.4538,-0.0361,29.6043,26.6807,0.80233,0.522829,0.645694
2,53,125,1.7667,4.1667,00:01.767,00:04.167,2.4,Sigurd the Mighty,subtle_local_motion,0.009126,0.015564,0.0174,-0.0032,True,0.999923,-0.0077,0.0069,-0.0064,0.0162,0.98729,0.018847,0.031163
3,125,225,4.1667,7.5,00:04.167,00:07.500,3.3333,Sigurd the Mighty,subtle_local_motion,0.0086,0.027196,0.0146,0.0064,True,1.000214,0.0214,0.0069,-0.0101,-0.0106,0.99256,0.002969,0.00809
4,225,321,7.5,10.7,00:07.500,00:10.700,3.2,Sigurd the Mighty,character_or_graphic_animation,0.037992,0.060469,95.8433,0.0047,False,1.000151,0.0151,-90.5676,92.7685,-24.0822,0.46535,0.470345,0.549705
5,321,399,10.7,13.3,00:10.700,00:13.300,2.6,Sigurd the Mighty,subtle_local_motion,0.015901,0.026016,0.0,0.0,True,1.0,0.0,-0.0,0.0,0.0,0.99423,0.030915,0.052031
6,399,513,13.3,17.1,00:13.300,00:17.100,3.8,Sigurd the Mighty,frozen_hold,0.004747,0.010573,0.0061,0.0017,True,1.000064,0.0064,-0.0003,-0.0029,-0.0054,0.9937,0.008246,0.020833
7,513,605,17.1,20.1667,00:17.100,00:20.167,3.0667,Sigurd the Mighty,character_or_graphic_animation,0.073551,0.133333,10.5204,0.0127,True,1.000388,0.0388,0.0328,-10.5204,0.0314,0.48387,0.162243,0.276285
8,605,659,20.1667,21.9667,00:20.167,00:21.967,1.8,Sigurd the Mighty,frozen_hold,0.003538,0.006597,0.0017,0.0008,True,1.000015,0.0015,0.0004,-0.0017,0.0002,0.99696,0.005989,0.013194
9,659,738,21.9667,24.6,00:21.967,00:24.600,2.6333,Sigurd the Mighty,frozen_hold,0.001652,0.003203,0.0,0.0,True,1.0,0.0,-0.0,0.0,0.0,0.99788,0.002794,0.006406
10,738,809,24.6,26.9667,00:24.600,00:26.967,2.3667,Sigurd the Mighty,character_or_graphic_animation,0.042615,0.083846,0.0822,0.0686,True,1.001623,0.1623,0.0408,-0.0432,-0.0699,0.68085,0.089516,0.190365
11,809,936,26.9667,31.2,00:26.967,00:31.200,4.2333,Sigurd the Mighty,character_or_graphic_animation,0.093071,0.181918,13.2125,-4.951,True,0.790409,-20.9591,5.9267,13.0722,-1.9201,0.52632,0.427761,0.701354
12,936,1016,31.2,33.8667,00:31.200,00:33.867,2.6667,Sigurd the Mighty,subtle_local_motion,0.010216,0.015208,0.0075,0.0009,True,1.000025,0.0025,-0.0057,0.0026,-0.007,0.98862,0.020446,0.030417
13,1016,1040,33.8667,34.6667,00:33.867,00:34.667,0.8,Sigurd the Mighty,character_or_graphic_animation,0.02013,0.054801,0.0818,0.2506,True,1.002005,0.2005,-0.0405,-0.0674,0.0463,0.85992,0.035233,0.109444
14,1040,1200,34.6667,40.0,00:34.667,00:40.000,5.3333,Sigurd the Mighty,subtle_local_motion,0.009689,0.023897,0.0424,0.0047,True,1.000251,0.0251,-0.0149,-0.01,-0.0412,0.98567,0.010921,0.031667
15,1200,1336,40.0,44.5333,00:40.000,00:44.533,4.5333,Sigurd the Mighty,character_or_graphic_animation,0.032311,0.064167,0.0,0.0,True,1.0,0.0,-0.0,0.0,0.0,0.41379,0.05808,0.111997
16,1336,1447,44.5333,48.2333,00:44.533,00:48.233,3.7,Sigurd the Mighty,frozen_hold,0.004286,0.006857,0.0179,0.0082,True,1.000305,0.0305,-0.0089,-0.0095,-0.0152,0.99257,0.009229,0.013733
17,1447,1462,48.2333,48.7333,00:48.233,00:48.733,0.5,Dian Wei,character_or_graphic_animation,0.167917,0.395564,17.0146,-0.1296,True,0.999352,-0.0648,0.0252,-17.0144,0.0902,0.95984,0.133352,0.207813
18,1462,1488,48.7333,49.6,00:48.733,00:49.600,0.8667,Dian Wei,whole_canvas_slide,0.089348,0.229037,7.7807,0.01,True,1.000087,0.0087,-0.0097,-7.7806,-0.0313,0.95546,0.058089,0.080399
19,1488,1592,49.6,53.0667,00:49.600,00:53.067,3.4667,Dian Wei,frozen_hold,0.006711,0.012023,0.0257,0.0089,True,1.00031,0.031,0.0174,-0.0238,0.0098,0.97727,0.012229,0.024028
20,1592,1674,53.0667,55.8,00:53.067,00:55.800,2.7333,Dian Wei,frozen_hold,0.000968,0.003073,0.0455,-0.0167,True,0.999544,-0.0456,0.0062,0.0172,0.0421,0.99462,0.003379,0.007656
21,1674,1849,55.8,61.6333,00:55.800,01:01.633,5.8333,Dian Wei,character_or_graphic_animation,0.043201,0.082153,0.0,0.0,False,1.0,0.0,-0.0,0.0,0.0,0.30303,0.073582,0.14066
22,1849,1956,61.6333,65.2,01:01.633,01:05.200,3.5667,Dian Wei,character_or_graphic_animation,0.040624,0.056146,0.0237,0.0067,True,1.000239,0.0239,-0.0041,-0.0139,-0.0192,0.78187,0.054811,0.068819
23,1956,2160,65.2,72.0,01:05.200,01:12.000,6.8,Dian Wei,character_or_graphic_animation,0.036808,0.046997,17.0494,-1.8552,True,0.873848,-12.6152,-10.439,3.4603,-16.6946,0.45455,0.354121,0.378767
24,2160,2195,72.0,73.1667,01:12.000,01:13.167,1.1667,Dian Wei,frozen_hold,0.000163,0.0,0.0004,-0.0007,True,0.999992,-0.0008,-0.0006,-0.0002,0.0003,1.0,0.000141,0.0
25,2195,2224,73.1667,74.1333,01:13.167,01:14.133,0.9667,Dian Wei,frozen_hold,1.1e-05,0.0,0.0051,-0.0053,True,0.999949,-0.0051,0.0021,0.0016,0.0048,1.0,2.1e-05,0.0
26,2224,2292,74.1333,76.4,01:14.133,01:16.400,2.2667,Dian Wei,character_or_graphic_animation,0.014858,0.070764,0.0431,-0.0027,True,0.999939,-0.0061,-0.0291,0.009,-0.0421,0.60403,0.02778,0.141233
27,2292,2427,76.4,80.9,01:16.400,01:20.900,4.5,Dian Wei,character_or_graphic_animation,0.045297,0.080911,22.7616,-0.0447,True,0.997987,-0.2013,-0.0311,-22.7615,0.061,0.88673,0.273982,0.34941
28,2427,2795,80.9,93.1667,01:20.900,01:33.167,12.2667,Dian Wei,character_or_graphic_animation,0.022238,0.102049,4.0049,0.0023,True,1.00028,0.028,-1.4813,0.2841,-3.9948,0.6555,0.056614,0.217361
29,2795,3059,93.1667,101.9667,01:33.167,01:41.967,8.8,Dian Wei,character_or_graphic_animation,0.085141,0.21138,0.0,0.0,False,1.0,0.0,0.0,0.0,0.0,0.31481,0.082636,0.212222
30,3059,3172,101.9667,105.7333,01:41.967,01:45.733,3.7667,Dian Wei,character_or_graphic_animation,0.01304,0.031936,36.5958,-0.0412,True,0.998447,-0.1553,-0.1553,36.5958,-0.0271,0.9097,0.241771,0.45151
31,3172,3547,105.7333,118.2333,01:45.733,01:58.233,12.5,Dian Wei,character_or_graphic_animation,0.032157,0.077916,6.9845,-0.0913,True,0.98859,-1.141,0.8366,0.413,6.9723,0.53103,0.217391,0.540017
32,3547,3553,118.2333,118.4333,01:58.233,01:58.433,0.2,Emperor Valerian,whole_canvas_slide,0.115733,0.298134,2.6549,0.243,True,1.000486,0.0486,-0.0021,-2.6547,-0.0294,0.97329,0.03284,0.088507
33,3553,3565,118.4333,118.8333,01:58.433,01:58.833,0.4,Emperor Valerian,character_or_graphic_animation,0.178695,0.45053,14.326,0.0055,True,1.000022,0.0022,-0.0217,-14.3259,-0.0513,0.96468,0.106617,0.148611
34,3565,3598,118.8333,119.9333,01:58.833,01:59.933,1.1,Emperor Valerian,whole_canvas_slide,0.068057,0.177978,2.9911,-0.0183,True,0.999799,-0.0201,-0.0079,-2.9911,0.0011,0.94883,0.035771,0.080278
35,3598,3685,119.9333,122.8333,01:59.933,02:02.833,2.9,Emperor Valerian,frozen_hold,0.005838,0.015078,0.0386,0.0121,True,1.00035,0.035,0.0257,-0.0386,-0.0009,1.0,0.014659,0.033264
36,3685,3737,122.8333,124.5667,02:02.833,02:04.567,1.7333,Emperor Valerian,frozen_hold,0.003242,0.004479,0.0013,-0.0002,True,0.999996,-0.0004,0.0012,-0.0005,0.0012,0.98642,0.006371,0.008958
37,3737,3852,124.5667,128.4,02:04.567,02:08.400,3.8333,Emperor Valerian,frozen_hold,0.006749,0.015868,0.0073,0.0021,True,1.000079,0.0079,0.0048,-0.0071,-0.0016,0.99213,0.011743,0.027934
38,3852,3886,128.4,129.5333,02:08.400,02:09.533,1.1333,Emperor Valerian,frozen_hold,2.9e-05,0.0,0.0013,0.0019,True,1.000022,0.0022,0.0016,-0.0012,0.0006,1.0,5.2e-05,0.0
39,3886,4040,129.5333,134.6667,02:09.533,02:14.667,5.1333,Emperor Valerian,frozen_hold,0.003838,0.009775,0.0037,-0.002,True,0.999896,-0.0104,-0.0037,0.0021,0.0031,0.98319,0.006682,0.017517
40,4040,4108,134.6667,136.9333,02:14.667,02:16.933,2.2667,Emperor Valerian,frozen_hold,0.00185,0.004644,0.0126,0.0011,True,1.000025,0.0025,-0.0053,0.001,-0.0126,0.99778,0.002786,0.008368
41,4108,4253,136.9333,141.7667,02:16.933,02:21.767,4.8333,Emperor Valerian,character_or_graphic_animation,0.049439,0.092864,0.0918,-0.0292,True,0.998587,-0.1413,-0.0298,0.0907,0.0142,0.8869,0.088927,0.173542
42,4253,4325,141.7667,144.1667,02:21.767,02:24.167,2.4,Emperor Valerian,frozen_hold,0.000114,0.0,0.0009,0.0002,True,1.000004,0.0004,-0.0004,-0.0004,-0.0008,0.99712,9e-05,0.0
43,4325,4360,144.1667,145.3333,02:24.167,02:25.333,1.1667,Emperor Valerian,frozen_hold,0.000184,0.0,0.0009,-0.0004,True,0.999995,-0.0005,-0.0005,0.0005,-0.0008,0.99928,0.000127,0.0
44,4360,4398,145.3333,146.6,02:25.333,02:26.600,1.2667,Emperor Valerian,frozen_hold,0.000159,0.0,0.0026,-0.0024,True,0.999969,-0.0031,0.0005,0.0013,0.0022,1.0,8.1e-05,0.0
45,4398,4511,146.6,150.3667,02:26.600,02:30.367,3.7667,Emperor Valerian,frozen_hold,0.005858,0.019584,0.0145,-0.0054,True,0.999796,-0.0204,0.0011,0.0118,0.0084,0.95658,0.011102,0.039132
46,4511,4584,150.3667,152.8,02:30.367,02:32.800,2.4333,Emperor Valerian,frozen_hold,0.007003,0.010226,0.0095,-0.0013,True,0.999969,-0.0031,-0.0074,0.0056,-0.0077,0.99686,0.014071,0.020451
47,4584,4839,152.8,161.3,02:32.800,02:41.300,8.5,Emperor Valerian,character_or_graphic_animation,0.108437,0.21204,3.8552,0.0328,True,1.002791,0.2791,-0.0911,3.8503,-0.1949,0.84545,0.149353,0.314965
48,4839,4991,161.3,166.3667,02:41.300,02:46.367,5.0667,Emperor Valerian,character_or_graphic_animation,0.045932,0.095356,17.6378,0.1599,True,1.008102,0.8102,-0.0306,17.6332,-0.4012,0.88513,0.209928,0.346979
49,4991,5053,166.3667,168.4333,02:46.367,02:48.433,2.0667,Emperor Valerian,subtle_local_motion,0.017914,0.023394,0.0173,-0.0011,True,0.999977,-0.0023,0.0151,-0.0077,0.0155,0.99175,0.035008,0.046788
50,5053,5195,168.4333,173.1667,02:48.433,02:53.167,4.7333,Emperor Valerian,subtle_local_motion,0.015309,0.037344,0.0092,0.0011,True,1.000052,0.0052,0.0002,-0.0033,-0.0086,0.81116,0.024071,0.054444
51,5195,5285,173.1667,176.1667,02:53.167,02:56.167,3.0,Emperor Valerian,frozen_hold,0.000647,1.7e-05,0.0038,-0.0009,True,0.999972,-0.0028,-0.0023,0.0023,-0.003,0.99895,0.000516,5.2e-05
52,5285,5431,176.1667,181.0333,02:56.167,03:01.033,4.8667,Emperor Valerian,character_or_graphic_animation,0.043969,0.084349,0.0138,0.0031,True,1.00015,0.015,-0.0036,-0.0039,-0.0132,0.92888,0.048776,0.086406
53,5431,5505,181.0333,183.5,03:01.033,03:03.500,2.4667,Emperor Valerian,subtle_local_motion,0.008587,0.021823,0.0,0.0,True,1.0,0.0,-0.0,0.0,0.0,0.86581,0.016819,0.043594
54,5505,5573,183.5,185.7667,03:03.500,03:05.767,2.2667,Emperor Valerian,frozen_hold,0.007018,0.011788,0.0,0.0,True,1.0,0.0,-0.0,0.0,0.0,0.99028,0.014177,0.023576
55,5573,5653,185.7667,188.4333,03:05.767,03:08.433,2.6667,Emperor Valerian,frozen_hold,0.005959,0.020581,0.0161,0.0087,True,1.000232,0.0232,0.0108,-0.0139,-0.0082,0.96889,0.012812,0.041076
56,5653,5806,188.4333,193.5333,03:08.433,03:13.533,5.1,Emperor Valerian,character_or_graphic_animation,0.021092,0.055486,0.0,0.0,False,1.0,0.0,0.0,0.0,0.0,0.0,1.0,1.0
57,5806,5866,193.5333,195.5333,03:13.533,03:15.533,2.0,Emperor Valerian,character_or_graphic_animation,0.114631,0.283324,36.4252,-0.0355,True,0.99929,-0.071,0.0101,-36.4251,0.0834,0.91228,0.361384,0.383681
58,5866,5903,195.5333,196.7667,03:15.533,03:16.767,1.2333,Gen. John Sedgwick,frozen_hold,0.001665,0.005052,0.0087,-0.0024,True,0.999971,-0.0029,0.0048,0.0003,0.0087,0.99545,0.00301,0.009861
59,5903,6005,196.7667,200.1667,03:16.767,03:20.167,3.4,Gen. John Sedgwick,subtle_local_motion,0.012335,0.020269,0.0071,0.0011,True,1.000038,0.0038,-0.0013,-0.0059,-0.004,0.98004,0.024295,0.040538
60,6005,6055,200.1667,201.8333,03:20.167,03:21.833,1.6667,Gen. John Sedgwick,frozen_hold,0.000278,0.0,0.0013,-0.0001,True,0.999998,-0.0002,0.0008,-0.0003,0.0013,0.99929,0.000152,0.0
61,6055,6072,201.8333,202.4,03:21.833,03:22.400,0.5667,Gen. John Sedgwick,frozen_hold,3.2e-05,0.0,0.0,0.0,True,1.0,0.0,-0.0,0.0,0.0,1.0,1.9e-05,0.0
62,6072,6167,202.4,205.5667,03:22.400,03:25.567,3.1667,Gen. John Sedgwick,frozen_hold,0.000541,0.0,0.0027,0.0007,True,1.000021,0.0021,0.0022,-0.0018,0.002,0.99784,0.000643,0.0
63,6167,6205,205.5667,206.8333,03:25.567,03:26.833,1.2667,Gen. John Sedgwick,frozen_hold,0.001885,0.005226,0.0096,-0.0032,True,0.99996,-0.004,0.004,-0.0017,0.0094,0.99841,0.002602,0.009514
64,6205,6248,206.8333,208.2667,03:26.833,03:28.267,1.4333,Gen. John Sedgwick,frozen_hold,0.000121,0.0,0.0,0.0,True,1.0,0.0,-0.0,0.0,0.0,0.99927,0.000144,0.0
65,6248,6443,208.2667,214.7667,03:28.267,03:34.767,6.5,Gen. John Sedgwick,character_or_graphic_animation,0.023147,0.04467,0.011,0.0007,True,1.000044,0.0044,0.0047,-0.0044,0.0101,0.95952,0.042736,0.084028
66,6443,6532,214.7667,217.7333,03:34.767,03:37.733,2.9667,Gen. John Sedgwick,frozen_hold,0.00246,0.005391,0.0099,-0.0044,True,0.99987,-0.013,-0.0013,0.0076,0.0064,0.99138,0.004804,0.010764
67,6532,6598,217.7333,219.9333,03:37.733,03:39.933,2.2,Gen. John Sedgwick,frozen_hold,0.002048,0.005521,0.0022,-0.0012,True,0.999973,-0.0027,-0.0008,0.002,-0.0008,0.99925,0.002644,0.010243
68,6598,7204,219.9333,240.1333,03:39.933,04:00.133,20.2,Gen. John Sedgwick,character_or_graphic_animation,0.062671,0.107952,0.0147,0.0006,True,1.000117,0.0117,-0.001,-0.0093,-0.0114,0.87139,0.088198,0.152257
69,7204,7337,240.1333,244.5667,04:00.133,04:04.567,4.4333,Gen. John Sedgwick,character_or_graphic_animation,0.020666,0.047005,0.005,-0.0001,True,0.999994,-0.0006,-0.008,0.0039,-0.0032,1.0,0.04243,0.094167
70,7337,7361,244.5667,245.3667,04:04.567,04:05.367,0.8,Oleg of Novgorod,character_or_graphic_animation,0.367116,0.797508,153.7559,-7.421,False,0.940632,-5.9368,113.1803,35.8655,149.5144,0.15,0.495402,0.781215
71,7361,7396,245.3667,246.5333,04:05.367,04:06.533,1.1667,Oleg of Novgorod,frozen_hold,0.000347,0.0,0.0074,0.0014,True,1.000016,0.0016,-0.0019,-0.0005,-0.0074,0.99752,0.000325,0.0
72,7396,7492,246.5333,249.7333,04:06.533,04:09.733,3.2,Oleg of Novgorod,character_or_graphic_animation,0.042557,0.069765,0.0492,-0.0108,True,0.999654,-0.0346,-0.0348,0.031,-0.0382,0.86833,0.085973,0.141545
73,7492,7563,249.7333,252.1,04:09.733,04:12.100,2.3667,Oleg of Novgorod,frozen_hold,1.7e-05,0.0,0.0,0.0,True,1.0,0.0,-0.0,0.0,0.0,0.999,1.3e-05,0.0
74,7563,7657,252.1,255.2333,04:12.100,04:15.233,3.1333,Oleg of Novgorod,subtle_local_motion,0.01173,0.023481,0.0241,-0.0148,True,0.999536,-0.0464,-0.0073,0.02,0.0135,0.96711,0.024935,0.049201
75,7657,7733,255.2333,257.7667,04:15.233,04:17.767,2.5333,Oleg of Novgorod,frozen_hold,0.00038,0.0,0.0082,-0.0019,True,0.999953,-0.0047,0.0025,0.0012,0.0081,0.99689,0.000136,0.0
76,7733,7854,257.7667,261.8,04:17.767,04:21.800,4.0333,Oleg of Novgorod,frozen_hold,0.003363,0.009288,0.0079,-0.0033,True,0.999866,-0.0134,-0.0009,0.0054,0.0057,0.99483,0.005032,0.014392
77,7854,7869,261.8,262.3,04:21.800,04:22.300,0.5,Oleg of Novgorod,frozen_hold,0.000104,0.0,0.0,0.0,False,1.0,0.0,0.0,0.0,0.0,0.0,1.0,1.0
78,7869,7927,262.3,264.2333,04:22.300,04:24.233,1.9333,Oleg of Novgorod,frozen_hold,0.000129,0.0,0.0036,0.0003,True,1.000006,0.0006,-0.0016,0.0006,-0.0035,0.99917,0.000112,0.0
79,7927,8079,264.2333,269.3,04:24.233,04:29.300,5.0667,Oleg of Novgorod,character_or_graphic_animation,0.072011,0.151962,0.0,0.0,True,1.0,0.0,-0.0,0.0,0.0,0.81132,0.114033,0.230208
80,8079,8143,269.3,271.4333,04:29.300,04:31.433,2.1333,Oleg of Novgorod,frozen_hold,0.004332,0.008698,0.0067,-0.0015,True,0.999968,-0.0032,0.0028,0.0001,0.0067,0.99722,0.007173,0.017396
81,8143,8261,271.4333,275.3667,04:31.433,04:35.367,3.9333,Oleg of Novgorod,character_or_graphic_animation,0.062971,0.133516,21.7334,0.0116,True,1.000457,0.0457,0.059,21.7332,0.0846,0.88889,0.230615,0.326875
82,8261,8426,275.3667,280.8667,04:35.367,04:40.867,5.5,Oleg of Novgorod,character_or_graphic_animation,0.05044,0.080695,172.8934,29.1453,False,2.602989,160.2989,-92.5785,161.916,-60.6246,0.3,0.270965,0.407187
83,8426,8532,280.8667,284.4,04:40.867,04:44.400,3.5333,Oleg of Novgorod,character_or_graphic_animation,0.019196,0.035703,0.0052,0.0006,True,1.000022,0.0022,0.0023,-0.0016,0.005,0.97905,0.037729,0.071128
84,8532,8625,284.4,287.5,04:44.400,04:47.500,3.1,Oleg of Novgorod,character_or_graphic_animation,0.048312,0.150304,0.0661,-0.0239,True,0.999258,-0.0742,-0.0095,0.0658,-0.0059,0.74953,0.051964,0.17533
85,8625,8648,287.5,288.2667,04:47.500,04:48.267,0.7667,Oleg of Novgorod,frozen_hold,0.000138,0.0,0.0157,-0.0227,True,0.999826,-0.0174,-0.0071,0.0157,0.0007,0.9913,0.000788,0.0
86,8648,8985,288.2667,299.5,04:48.267,04:59.500,11.2333,Oleg of Novgorod,character_or_graphic_animation,0.060136,0.12316,192.2302,-0.0612,False,0.993122,-0.6878,79.3834,-10.585,191.9386,0.46988,0.595943,0.798941
87,8985,9008,299.5,300.2667,04:59.500,05:00.267,0.7667,Oleg of Novgorod,character_or_graphic_animation,0.298513,0.694843,31.6348,-0.0704,True,0.99946,-0.054,-0.0015,-31.6348,0.0296,0.92505,0.207641,0.343056
88,9008,9036,300.2667,301.2,05:00.267,05:01.200,0.9333,Qin Shi Huang,frozen_hold,0.001419,0.000147,0.0014,0.0012,True,1.000011,0.0011,-0.0011,0.0012,-0.0008,0.99761,0.001744,0.000451
89,9036,9087,301.2,302.9,05:01.200,05:02.900,1.7,Qin Shi Huang,frozen_hold,0.003312,0.006484,0.0047,0.0033,True,1.000056,0.0056,0.0027,-0.0047,-0.0003,0.99671,0.00549,0.012969
90,9087,9197,302.9,306.5667,05:02.900,05:06.567,3.6667,Qin Shi Huang,subtle_local_motion,0.008089,0.017778,0.0313,0.0041,True,1.000152,0.0152,-0.0053,0.0015,-0.0313,0.97748,0.015859,0.034861
91,9197,9207,306.5667,306.9,05:06.567,05:06.900,0.3333,Qin Shi Huang,frozen_hold,7e-06,0.0,0.0,0.0,True,1.0,0.0,-0.0,0.0,0.0,1.0,2e-06,0.0
92,9207,9264,306.9,308.8,05:06.900,05:08.800,1.9,Qin Shi Huang,frozen_hold,0.000746,0.0,0.0013,-0.0004,True,0.999993,-0.0007,0.0001,0.0004,-0.0012,0.99481,0.00082,0.0
93,9264,9399,308.8,313.3,05:08.800,05:13.300,4.5,Qin Shi Huang,character_or_graphic_animation,0.027737,0.078368,0.1873,-0.0199,True,0.999106,-0.0894,0.007,0.0039,0.1873,0.88235,0.06596,0.20151
94,9399,9557,313.3,318.5667,05:13.300,05:18.567,5.2667,Qin Shi Huang,character_or_graphic_animation,0.021964,0.054262,0.0043,0.0006,True,1.000033,0.0033,0.0016,-0.0034,0.0026,0.89151,0.041793,0.108524
95,9557,9739,318.5667,324.6333,05:18.567,05:24.633,6.0667,Qin Shi Huang,character_or_graphic_animation,0.033453,0.087848,0.0374,-0.0072,True,0.999561,-0.0439,-0.0157,0.0345,-0.0144,0.98874,0.067175,0.172049
96,9739,9763,324.6333,325.4333,05:24.633,05:25.433,0.8,Qin Shi Huang,frozen_hold,0.0,0.0,0.0,0.0,True,1.0,0.0,-0.0,0.0,0.0,1.0,0.0,0.0
97,9763,9811,325.4333,327.0333,05:25.433,05:27.033,1.6,Qin Shi Huang,frozen_hold,0.002755,0.003325,0.0043,0.0008,True,1.000013,0.0013,-0.0011,-0.0008,-0.0042,0.99629,0.004966,0.006649
98,9811,9923,327.0333,330.7667,05:27.033,05:30.767,3.7333,Qin Shi Huang,character_or_graphic_animation,0.017164,0.030382,0.0539,0.0106,True,1.000394,0.0394,0.037,-0.0486,0.0232,0.97357,0.036621,0.062031
99,9923,10016,330.7667,333.8667,05:30.767,05:33.867,3.1,Qin Shi Huang,subtle_local_motion,0.008735,0.015252,0.0061,0.0033,True,1.000101,0.0101,0.0044,-0.0057,0.0023,0.96269,0.017221,0.030469
100,10016,10387,333.8667,346.2333,05:33.867,05:46.233,12.3667,Qin Shi Huang,character_or_graphic_animation,0.064065,0.170851,0.0,0.0,False,1.0,0.0,0.0,0.0,0.0,0.0,1.0,1.0
101,10387,10471,346.2333,349.0333,05:46.233,05:49.033,2.8,Qin Shi Huang,subtle_local_motion,0.015533,0.0173,0.0032,-0.0012,True,0.999966,-0.0034,-0.0006,0.003,0.001,0.99773,0.030977,0.034601
102,10471,10555,349.0333,351.8333,05:49.033,05:51.833,2.8,Qin Shi Huang,character_or_graphic_animation,0.028937,0.078897,0.0297,0.0139,True,1.000389,0.0389,0.0151,-0.0297,0.001,0.98614,0.058763,0.157778
103,10555,10642,351.8333,354.7333,05:51.833,05:54.733,2.9,Qin Shi Huang,frozen_hold,0.000152,0.0,0.0,0.0,True,1.0,0.0,-0.0,0.0,0.0,0.99921,0.000226,0.0
104,10642,10718,354.7333,357.2667,05:54.733,05:57.267,2.5333,Qin Shi Huang,character_or_graphic_animation,0.044641,0.082639,19.4834,0.048,True,1.001216,0.1216,0.0496,-19.4833,0.0481,0.8467,0.174713,0.288038
105,10718,10857,357.2667,361.9,05:57.267,06:01.900,4.6333,Qin Shi Huang,character_or_graphic_animation,0.06198,0.114036,15.3229,0.0047,True,1.000219,0.0219,0.0079,-15.3229,0.0097,0.776,0.184021,0.288507
106,10857,10939,361.9,364.6333,06:01.900,06:04.633,2.7333,Qin Shi Huang,character_or_graphic_animation,0.009725,0.036328,0.0,0.0,True,1.0,0.0,-0.0,0.0,0.0,0.88421,0.020736,0.072535
107,10939,11023,364.6333,367.4333,06:04.633,06:07.433,2.8,Qin Shi Huang,frozen_hold,0.002954,0.008186,0.0123,0.001,True,1.000027,0.0027,0.0033,-0.0009,0.0123,0.98197,0.004519,0.015729
108,11023,11045,367.4333,368.1667,06:07.433,06:08.167,0.7333,Attila the Hun,character_or_graphic_animation,0.289882,0.728203,29.7207,-0.056,True,0.999589,-0.0411,-0.0129,-29.7207,-0.0043,0.91638,0.180189,0.332517
109,11045,11072,368.1667,369.0667,06:08.167,06:09.067,0.9,Attila the Hun,frozen_hold,0.004819,0.005834,0.0106,-0.0089,True,0.99992,-0.008,0.0031,-0.0049,0.0094,0.99424,0.008379,0.008767
110,11072,11143,369.0667,371.4333,06:09.067,06:11.433,2.3667,Attila the Hun,frozen_hold,0.004472,0.006857,0.0043,-0.002,True,0.999953,-0.0047,0.0002,0.0027,0.0034,1.0,0.009163,0.013715
111,11143,11307,371.4333,376.9,06:11.433,06:16.900,5.4667,Attila the Hun,character_or_graphic_animation,0.08649,0.222882,0.0158,-0.0033,True,0.999819,-0.0181,0.0036,-0.0097,0.0125,0.4902,0.08836,0.231372
112,11307,11402,376.9,380.0667,06:16.900,06:20.067,3.1667,Attila the Hun,frozen_hold,0.000404,0.0,0.0025,0.0015,True,1.000046,0.0046,-0.0001,-0.0018,-0.0017,0.9985,0.000308,0.0
113,11402,11486,380.0667,382.8667,06:20.067,06:22.867,2.8,Attila the Hun,character_or_graphic_animation,0.031241,0.06737,0.0177,0.0004,True,1.00001,0.001,-0.0111,0.0048,-0.017,0.96603,0.058137,0.118646
114,11486,11785,382.8667,392.8333,06:22.867,06:32.833,9.9667,Attila the Hun,character_or_graphic_animation,0.081602,0.159957,5.8572,-0.4906,True,0.951106,-4.8894,0.099,-5.5137,1.9762,0.75207,0.188361,0.362031
115,11785,12012,392.8333,400.4,06:32.833,06:40.400,7.5667,Attila the Hun,subtle_local_motion,0.011509,0.02566,0.0497,-0.0031,True,0.999766,-0.0234,-0.0208,0.0282,-0.0409,0.96667,0.022953,0.053437
116,12012,12052,400.4,401.7333,06:40.400,06:41.733,1.3333,Attila the Hun,frozen_hold,9e-06,0.0,0.0,0.0,True,1.0,0.0,-0.0,0.0,0.0,1.0,1.8e-05,0.0
117,12052,12291,401.7333,409.7,06:41.733,06:49.700,7.9667,Attila the Hun,character_or_graphic_animation,0.055868,0.102969,0.0,0.0,False,1.0,0.0,0.0,0.0,0.0,0.0,1.0,1.0
118,12291,12377,409.7,412.5667,06:49.700,06:52.567,2.8667,Attila the Hun,frozen_hold,0.000134,0.0,0.0,0.0,True,1.0,0.0,0.0,0.0,0.0,0.99922,0.000112,0.0
119,12377,12447,412.5667,414.9,06:52.567,06:54.900,2.3333,Attila the Hun,subtle_local_motion,0.008193,0.012856,0.0037,0.0039,True,1.00009,0.009,0.0012,-0.0026,0.0027,0.98515,0.016572,0.025712
120,12447,12558,414.9,418.6,06:54.900,06:58.600,3.7,Attila the Hun,frozen_hold,0.005015,0.007743,0.0012,0.0001,True,1.000002,0.0002,-0.0,0.0012,-0.0001,0.95826,0.010093,0.015469
121,12558,12623,418.6,420.7667,06:58.600,07:00.767,2.1667,Attila the Hun,frozen_hold,0.00036,0.0,0.0002,0.0,True,1.000001,0.0001,-0.0002,-0.0,-0.0002,0.99852,0.000275,0.0
122,12623,12735,420.7667,424.5,07:00.767,07:04.500,3.7333,Attila the Hun,character_or_graphic_animation,0.030727,0.058923,85.6246,0.0723,False,1.0027,0.27,-89.5378,81.4527,-26.4013,0.82682,0.468233,0.508941
123,12735,12797,424.5,426.5667,07:04.500,07:06.567,2.0667,Attila the Hun,frozen_hold,0.005827,0.016345,0.0071,0.0004,True,1.000008,0.0008,0.002,-0.0015,0.0069,0.97861,0.010522,0.029601
124,12797,13084,426.5667,436.1333,07:06.567,07:16.133,9.5667,Attila the Hun,character_or_graphic_animation,0.036025,0.092795,0.1766,-0.0191,True,0.998168,-0.1832,-0.0833,0.1765,0.0043,0.70455,0.075012,0.213681
125,13084,13180,436.1333,439.3333,07:16.133,07:19.333,3.2,Attila the Hun,character_or_graphic_animation,0.047505,0.09507,0.0035,0.0015,True,1.000049,0.0049,-0.0013,-0.0021,-0.0028,0.8559,0.092754,0.188003
126,13180,13221,439.3333,440.7,07:19.333,07:20.700,1.3667,Attila the Hun,frozen_hold,6.4e-05,0.0,0.0,0.0,True,1.0,0.0,-0.0,0.0,0.0,1.0,4.2e-05,0.0
127,13221,13267,440.7,442.2333,07:20.700,07:22.233,1.5333,Attila the Hun,frozen_hold,0.00345,0.008108,0.0042,-0.0017,True,0.999974,-0.0026,0.0016,0.0007,0.0041,1.0,0.006553,0.016233
128,13267,13351,442.2333,445.0333,07:22.233,07:25.033,2.8,Attila the Hun,character_or_graphic_animation,0.023637,0.080946,1.8948,0.0024,True,1.000067,0.0067,0.2686,-1.8809,0.2294,0.52796,0.068939,0.171476
129,13351,13409,445.0333,446.9667,07:25.033,07:26.967,1.9333,Attila the Hun,frozen_hold,0.002121,0.004418,0.0025,-0.001,True,0.99998,-0.002,0.0003,0.0005,0.0024,0.98498,0.0041,0.008837
130,13409,13567,446.9667,452.2333,07:26.967,07:32.233,5.2667,Attila the Hun,character_or_graphic_animation,0.061489,0.158316,26.1553,-0.2246,True,0.988173,-1.1827,0.8226,22.6672,13.0498,0.37931,0.39273,0.657656
131,13567,13588,452.2333,452.9333,07:32.233,07:32.933,0.7,Attila the Hun,frozen_hold,0.0,0.0,0.0,0.0,True,1.0,0.0,-0.0,0.0,0.0,1.0,1e-06,0.0
132,13588,13675,452.9333,455.8333,07:32.933,07:35.833,2.9,Attila the Hun,frozen_hold,0.003044,0.004141,0.0085,-0.0057,True,0.999834,-0.0166,-0.0022,0.0064,0.0056,0.99855,0.006326,0.008281
133,13675,13693,455.8333,456.4333,07:35.833,07:36.433,0.6,Attila the Hun,character_or_graphic_animation,0.285156,0.698759,24.0167,-0.1133,True,0.99932,-0.068,-0.0291,-24.0167,0.0027,0.92643,0.233565,0.250486
134,13693,13732,456.4333,457.7333,07:36.433,07:37.733,1.3,Eleazar Maccabeus,whole_canvas_slide,0.070344,0.194635,3.1233,-0.0794,True,0.998968,-0.1032,-0.0029,-3.1229,0.0514,0.97811,0.042286,0.062465
135,13732,13825,457.7333,460.8333,07:37.733,07:40.833,3.1,Eleazar Maccabeus,character_or_graphic_animation,0.047781,0.091537,10.0914,0.3946,False,1.012233,1.2233,-1.5489,9.7001,-2.7829,0.29787,0.175873,0.333906
136,13825,13881,460.8333,462.7,07:40.833,07:42.700,1.8667,Eleazar Maccabeus,frozen_hold,0.003617,0.008785,0.0087,0.0034,True,1.000064,0.0064,-0.0002,-0.0071,-0.005,0.99157,0.005371,0.014323
137,13881,13991,462.7,466.3667,07:42.700,07:46.367,3.6667,Eleazar Maccabeus,subtle_local_motion,0.008611,0.014384,0.0072,-0.0014,True,0.999948,-0.0052,-0.0038,0.0069,-0.0022,0.90657,0.017166,0.028767
138,13991,14027,466.3667,467.5667,07:46.367,07:47.567,1.2,Eleazar Maccabeus,frozen_hold,0.000132,0.0,0.0,0.0,True,1.0,0.0,-0.0,0.0,0.0,1.0,7.1e-05,0.0
139,14027,14054,467.5667,468.4667,07:47.567,07:48.467,0.9,Eleazar Maccabeus,frozen_hold,7.9e-05,0.0,0.0,0.0,True,1.0,-0.0,-0.0,0.0,0.0,1.0,6.9e-05,0.0
140,14054,14138,468.4667,471.2667,07:48.467,07:51.267,2.8,Eleazar Maccabeus,frozen_hold,0.000164,0.0,0.002,-0.0004,True,0.999989,-0.0011,0.0016,0.0002,0.002,0.99841,0.000171,0.0
141,14138,14205,471.2667,473.5,07:51.267,07:53.500,2.2333,Eleazar Maccabeus,frozen_hold,0.004587,0.011363,0.0098,-0.0006,True,0.999987,-0.0013,-0.0068,0.0057,-0.008,0.99362,0.007137,0.019618
142,14205,14656,473.5,488.5333,07:53.500,08:08.533,15.0333,Eleazar Maccabeus,character_or_graphic_animation,0.098933,0.260712,0.0362,-0.0045,True,0.999322,-0.0678,0.0027,0.01,0.0348,0.90763,0.092337,0.256632
143,14656,14780,488.5333,492.6667,08:08.533,08:12.667,4.1333,Eleazar Maccabeus,subtle_local_motion,0.00918,0.020599,0.0472,-0.0023,True,0.999904,-0.0096,-0.0321,0.0228,-0.0413,0.98231,0.018414,0.04092
144,14780,14852,492.6667,495.0667,08:12.667,08:15.067,2.4,Eleazar Maccabeus,character_or_graphic_animation,0.021846,0.053038,0.0132,0.0057,True,1.000138,0.0138,-0.004,-0.0069,-0.0113,0.9687,0.027202,0.063142
145,14852,14956,495.0667,498.5333,08:15.067,08:18.533,3.4667,Eleazar Maccabeus,subtle_local_motion,0.009786,0.026632,0.0083,0.0022,True,1.000078,0.0078,0.0031,-0.0061,0.0057,0.97619,0.018612,0.051111
146,14956,15053,498.5333,501.7667,08:18.533,08:21.767,3.2333,Eleazar Maccabeus,frozen_hold,0.004118,0.007248,0.0153,-0.0084,True,0.999728,-0.0272,-0.0052,0.0122,0.0093,0.97576,0.00939,0.014601
147,15053,15369,501.7667,512.3,08:21.767,08:32.300,10.5333,Eleazar Maccabeus,character_or_graphic_animation,0.075112,0.219331,24.9486,0.0162,True,1.001708,0.1708,3.1306,-7.002,23.9459,0.8908,0.32245,0.663438
148,15369,15393,512.3,513.1,08:32.300,08:33.100,0.8,Mithridates VI of Pontus,character_or_graphic_animation,0.38732,0.833481,137.9574,0.6456,False,1.005165,0.5165,-179.655,94.0028,100.9738,0.52632,0.251169,0.558715
149,15393,15450,513.1,515.0,08:33.100,08:35.000,1.9,Mithridates VI of Pontus,frozen_hold,0.000727,0.0,0.0043,-0.0032,True,0.99994,-0.006,0.0008,0.0018,0.0039,0.9975,0.000761,0.0
150,15450,15533,515.0,517.7667,08:35.000,08:37.767,2.7667,Mithridates VI of Pontus,frozen_hold,0.006993,0.011971,0.0299,0.0001,True,1.000002,0.0002,0.0175,-0.0173,0.0244,0.97816,0.015713,0.023976
151,15533,15582,517.7667,519.4,08:37.767,08:39.400,1.6333,Mithridates VI of Pontus,frozen_hold,0.000123,0.0,0.0,0.0,True,1.0,0.0,-0.0,0.0,0.0,1.0,8.7e-05,0.0
152,15582,15652,519.4,521.7333,08:39.400,08:41.733,2.3333,Mithridates VI of Pontus,character_or_graphic_animation,0.022448,0.053985,0.0099,-0.0018,True,0.999959,-0.0041,-0.0025,0.0099,0.0,0.96524,0.045221,0.106753
153,15652,15688,521.7333,522.9333,08:41.733,08:42.933,1.2,Mithridates VI of Pontus,frozen_hold,0.000144,0.0,0.0,0.0,True,1.0,0.0,-0.0,0.0,0.0,0.99926,0.00017,0.0
154,15688,15710,522.9333,523.6667,08:42.933,08:43.667,0.7333,Mithridates VI of Pontus,frozen_hold,8.5e-05,0.0,0.0014,-0.0016,True,0.999988,-0.0012,0.0004,0.0007,0.0012,0.99855,8e-05,0.0
155,15710,15781,523.6667,526.0333,08:43.667,08:46.033,2.3667,Mithridates VI of Pontus,frozen_hold,0.004634,0.008568,0.0023,0.0005,True,1.000011,0.0011,-0.0004,0.0008,0.0022,0.9829,0.009129,0.016649
156,15781,15945,526.0333,531.5,08:46.033,08:51.500,5.4667,Mithridates VI of Pontus,character_or_graphic_animation,0.045294,0.100173,0.0094,0.0026,True,1.000142,0.0142,-0.0011,-0.0023,-0.0091,0.85503,0.082052,0.195712
157,15945,15977,531.5,532.5667,08:51.500,08:52.567,1.0667,Mithridates VI of Pontus,frozen_hold,0.000104,0.0,0.0,0.0,True,1.0,0.0,-0.0,0.0,0.0,0.99729,8.6e-05,0.0
158,15977,15992,532.5667,533.0667,08:52.567,08:53.067,0.5,Mithridates VI of Pontus,frozen_hold,1.7e-05,0.0,0.0,0.0,True,1.0,0.0,-0.0,0.0,0.0,1.0,1.2e-05,0.0
159,15992,16039,533.0667,534.6333,08:53.067,08:54.633,1.5667,Mithridates VI of Pontus,frozen_hold,0.00042,0.0,0.0015,-0.0015,True,0.999976,-0.0024,-0.001,0.0013,-0.0007,0.99926,0.000484,0.0
160,16039,16311,534.6333,543.7,08:54.633,09:03.700,9.0667,Mithridates VI of Pontus,character_or_graphic_animation,0.023097,0.036363,0.0833,-0.0041,True,0.999624,-0.0376,-0.0526,0.0466,-0.0691,0.95714,0.043596,0.074288
161,16311,16337,543.7,544.5667,09:03.700,09:04.567,0.8667,Mithridates VI of Pontus,frozen_hold,7.4e-05,0.0,0.0,0.0,True,1.0,0.0,-0.0,0.0,0.0,0.99858,6.6e-05,0.0
162,16337,16391,544.5667,546.3667,09:04.567,09:06.367,1.8,Mithridates VI of Pontus,frozen_hold,6.9e-05,0.0,0.0011,0.0006,True,1.000011,0.0011,0.0001,-0.0003,-0.0011,0.99926,5.4e-05,0.0
163,16391,16475,546.3667,549.1667,09:06.367,09:09.167,2.8,Mithridates VI of Pontus,frozen_hold,0.004591,0.007673,0.0121,0.0032,True,1.00009,0.009,0.0011,-0.0021,-0.0119,0.98154,0.010005,0.015208
164,16475,16553,549.1667,551.7667,09:09.167,09:11.767,2.6,Mithridates VI of Pontus,frozen_hold,0.001608,0.004228,0.0391,-0.0039,True,0.999899,-0.0101,-0.0263,0.022,-0.0323,0.98534,0.003811,0.007882
165,16553,16587,551.7667,552.9,09:11.767,09:12.900,1.1333,Mithridates VI of Pontus,character_or_graphic_animation,0.05089,0.099939,27.6839,0.3736,True,1.004234,0.4234,-0.0366,27.6832,-0.2015,0.68069,0.30169,0.415451
166,16587,16793,552.9,559.7667,09:12.900,09:19.767,6.8667,Mithridates VI of Pontus,character_or_graphic_animation,0.030452,0.076276,0.0823,-0.0045,True,0.999693,-0.0307,0.0429,0.0131,0.0813,0.87,0.049799,0.119028
167,16793,16868,559.7667,562.2667,09:19.767,09:22.267,2.5,Mithridates VI of Pontus,character_or_graphic_animation,0.02922,0.062396,0.0191,-0.0085,True,0.999788,-0.0212,0.0073,0.0035,0.0188,0.88362,0.059583,0.124444
168,16868,16917,562.2667,563.9,09:22.267,09:23.900,1.6333,Mithridates VI of Pontus,frozen_hold,0.002053,0.004635,0.0037,-0.0017,True,0.999972,-0.0028,0.0013,0.0015,0.0034,0.9941,0.003702,0.008941
169,16917,17031,563.9,567.7,09:23.900,09:27.700,3.8,Mithridates VI of Pontus,subtle_local_motion,0.011565,0.019514,0.0152,0.0047,True,1.000179,0.0179,-0.0057,-0.0044,-0.0145,0.99447,0.021188,0.039028
170,17031,17280,567.7,576.0,09:27.700,09:36.000,8.3,Mithridates VI of Pontus,character_or_graphic_animation,0.09015,0.226181,0.0073,0.001,True,1.000086,0.0086,0.0041,-0.0059,0.0043,0.9777,0.020272,0.04967
171,17280,17302,576.0,576.7333,09:36.000,09:36.733,0.7333,Frederick I (Barbarossa),character_or_graphic_animation,0.242917,0.5421,30.4915,-0.2344,True,0.998281,-0.1719,-0.0164,-30.4915,0.0348,0.91679,0.226004,0.309826
172,17302,17353,576.7333,578.4333,09:36.733,09:38.433,1.7,Frederick I (Barbarossa),frozen_hold,0.004043,0.004653,0.0091,-0.0001,True,0.999998,-0.0002,0.0001,-0.0091,-0.0003,0.9892,0.006526,0.006979
173,17353,17533,578.4333,584.4333,09:38.433,09:44.433,6.0,Frederick I (Barbarossa),character_or_graphic_animation,0.114437,0.225581,0.4147,-0.0315,True,0.998112,-0.1888,-0.2783,0.2455,-0.3342,0.91304,0.120559,0.244809
174,17533,17616,584.4333,587.2,09:44.433,09:47.200,2.7667,Frederick I (Barbarossa),frozen_hold,0.005613,0.012275,0.0196,0.0045,True,1.000124,0.0124,-0.0098,0.002,-0.0195,0.98403,0.009405,0.024097
175,17616,17712,587.2,590.4,09:47.200,09:50.400,3.2,Frederick I (Barbarossa),frozen_hold,0.002677,0.007647,0.0061,-0.0015,True,0.999952,-0.0048,-0.0048,0.0042,-0.0044,1.0,0.005147,0.015295
176,17712,17837,590.4,594.5667,09:50.400,09:54.567,4.1667,Frederick I (Barbarossa),character_or_graphic_animation,0.029837,0.073134,0.0571,-0.0083,True,0.999654,-0.0346,-0.0255,0.026,-0.0508,0.94815,0.058149,0.146406
177,17837,17932,594.5667,597.7333,09:54.567,09:57.733,3.1667,Frederick I (Barbarossa),frozen_hold,0.00146,0.001927,0.0039,0.0015,True,1.000048,0.0048,-0.0019,-0.0005,-0.0039,0.99524,0.002714,0.003872
178,17932,17974,597.7333,599.1333,09:57.733,09:59.133,1.4,Frederick I (Barbarossa),character_or_graphic_animation,0.017254,0.034557,0.0,0.0,True,1.0,0.0,-0.0,0.0,0.0,0.99127,0.03475,0.069149
179,17974,18039,599.1333,601.3,09:59.133,10:01.300,2.1667,Frederick I (Barbarossa),frozen_hold,0.003272,0.006554,0.0007,0.0005,True,1.00001,0.001,-0.0002,-0.0003,-0.0006,0.9984,0.005448,0.013108
180,18039,18097,601.3,603.2333,10:01.300,10:03.233,1.9333,Frederick I (Barbarossa),frozen_hold,2.8e-05,0.0,0.0021,0.0,True,1.0,0.0,-0.001,0.0004,-0.0021,0.99905,5e-05,0.0
181,18097,18129,603.2333,604.3,10:03.233,10:04.300,1.0667,Frederick I (Barbarossa),frozen_hold,7.8e-05,0.0,0.0,0.0,True,1.0,0.0,-0.0,0.0,0.0,0.99921,6.8e-05,0.0
182,18129,18167,604.3,605.5667,10:04.300,10:05.567,1.2667,Frederick I (Barbarossa),frozen_hold,3.8e-05,0.0,0.0,0.0,True,1.0,0.0,-0.0,0.0,0.0,1.0,4.3e-05,0.0
183,18167,18386,605.5667,612.8667,10:05.567,10:12.867,7.3,Frederick I (Barbarossa),character_or_graphic_animation,0.055536,0.118776,0.0774,0.0119,True,1.000872,0.0872,-0.0012,-0.025,-0.0733,0.61538,0.049249,0.119479
184,18386,18452,612.8667,615.0667,10:12.867,10:15.067,2.2,Frederick I (Barbarossa),character_or_graphic_animation,0.013038,0.058923,0.0346,0.0055,True,1.000122,0.0122,-0.0189,-0.0004,-0.0346,0.98341,0.006387,0.013316
185,18452,18478,615.0667,615.9333,10:15.067,10:15.933,0.8667,Frederick I (Barbarossa),short_graphic_sting,0.008031,0.02375,0.0,0.0,True,1.0,0.0,-0.0,0.0,0.0,0.99497,0.015318,0.046649
186,18478,18565,615.9333,618.8333,10:15.933,10:18.833,2.9,Frederick I (Barbarossa),frozen_hold,9.9e-05,0.0,0.0007,-0.0001,True,0.999996,-0.0004,0.0003,-0.0002,0.0007,0.99856,0.00011,0.0
187,18565,18611,618.8333,620.3667,10:18.833,10:20.367,1.5333,Frederick I (Barbarossa),frozen_hold,3.8e-05,0.0,0.0,0.0,True,1.0,0.0,-0.0,0.0,0.0,1.0,2.9e-05,0.0
188,18611,18633,620.3667,621.1,10:20.367,10:21.100,0.7333,Blackbeard,character_or_graphic_animation,0.226983,0.556754,29.3525,0.0023,True,1.000017,0.0017,-0.0118,-29.3525,-0.0367,0.94412,0.204967,0.277465
189,18633,18648,621.1,621.6,10:21.100,10:21.600,0.5,Blackbeard,character_or_graphic_animation,0.020554,0.074349,0.1631,-0.0762,True,0.999619,-0.0381,0.0137,-0.159,0.0365,0.96764,0.020226,0.065417
190,18648,18785,621.6,626.1667,10:21.600,10:26.167,4.5667,Blackbeard,frozen_hold,0.007368,0.012942,0.0184,-0.0043,True,0.999805,-0.0195,-0.0065,0.0165,-0.0081,0.97738,0.014887,0.023542
191,18785,18986,626.1667,632.8667,10:26.167,10:32.867,6.7,Blackbeard,subtle_local_motion,0.008302,0.026189,0.0012,0.0013,True,1.000087,0.0087,0.0001,0.0012,0.0002,0.91235,0.014748,0.046493
192,18986,19047,632.8667,634.9,10:32.867,10:34.900,2.0333,Blackbeard,frozen_hold,0.005499,0.010911,0.0116,0.0074,True,1.00015,0.015,0.0053,-0.0115,-0.0011,0.98848,0.009279,0.021823
193,19047,19089,634.9,636.3,10:34.900,10:36.300,1.4,Blackbeard,frozen_hold,0.000234,0.0,0.0,0.0,True,1.0,0.0,-0.0,0.0,0.0,1.0,0.000183,0.0
194,19089,19145,636.3,638.1667,10:36.300,10:38.167,1.8667,Blackbeard,frozen_hold,0.00013,0.0,0.0001,-0.0001,True,0.999999,-0.0001,0.0002,0.0001,0.0001,0.99911,8.8e-05,0.0
195,19145,19259,638.1667,641.9667,10:38.167,10:41.967,3.8,Blackbeard,frozen_hold,0.004701,0.019045,0.0199,-0.0034,True,0.99987,-0.013,0.003,0.0031,0.0197,0.96481,0.009464,0.034705
196,19259,19310,641.9667,643.6667,10:41.967,10:43.667,1.7,Blackbeard,subtle_local_motion,0.008641,0.024279,0.0052,-0.0088,True,0.999851,-0.0149,0.0022,0.0027,0.0045,0.97637,0.017239,0.046302
197,19310,19401,643.6667,646.7,10:43.667,10:46.700,3.0333,Blackbeard,frozen_hold,0.006886,0.011997,0.0594,0.0018,True,1.000055,0.0055,0.0349,-0.0225,0.055,0.98992,0.013609,0.021684
198,19401,19585,646.7,652.8333,10:46.700,10:52.833,6.1333,Blackbeard,character_or_graphic_animation,0.020526,0.054115,0.0554,-0.0067,True,0.99959,-0.041,0.036,-0.0103,0.0544,1.0,0.043664,0.110503
199,19585,19623,652.8333,654.1,10:52.833,10:54.100,1.2667,Blackbeard,frozen_hold,0.004629,0.007014,0.0084,-0.0069,True,0.999913,-0.0087,0.0028,0.0022,0.0081,0.98973,0.009421,0.01401
200,19623,19660,654.1,655.3333,10:54.100,10:55.333,1.2333,Blackbeard,frozen_hold,0.000194,0.0,0.0028,-0.0011,True,0.999987,-0.0013,0.0019,-0.0004,0.0028,0.99779,0.000117,0.0
201,19660,19736,655.3333,657.8667,10:55.333,10:57.867,2.5333,Blackbeard,frozen_hold,0.002144,0.00428,0.0,0.0,True,1.0,0.0,-0.0,0.0,0.0,0.9961,0.002744,0.006649
202,19736,20286,657.8667,676.2,10:57.867,11:16.200,18.3333,Blackbeard,character_or_graphic_animation,0.101267,0.200434,0.0183,0.0011,True,1.00021,0.021,-0.0047,-0.0083,-0.0163,0.69208,0.093061,0.168993
203,20286,20401,676.2,680.0333,11:16.200,11:20.033,3.8333,Blackbeard,subtle_local_motion,0.013193,0.024922,0.0371,0.0109,True,1.000419,0.0419,0.0049,-0.0335,-0.0159,0.975,0.023291,0.046528
204,20401,20415,680.0333,680.5,11:20.033,11:20.500,0.4667,Audie Murphy,character_or_graphic_animation,0.201357,0.505712,14.5509,-0.1099,True,0.999487,-0.0513,-0.0027,-14.5509,0.0286,0.95849,0.147091,0.192083
205,20415,20442,680.5,681.4,11:20.500,11:21.400,0.9,Audie Murphy,whole_canvas_slide,0.091295,0.20283,10.9334,-0.0192,True,0.999827,-0.0173,-0.0029,-10.9334,0.0253,0.97164,0.114848,0.116597
206,20442,20465,681.4,682.1667,11:21.400,11:22.167,0.7667,Audie Murphy,frozen_hold,1.2e-05,0.0,0.0,0.0,True,1.0,0.0,-0.0,0.0,0.0,1.0,2.3e-05,0.0
207,20465,20592,682.1667,686.4,11:22.167,11:26.400,4.2333,Audie Murphy,subtle_local_motion,0.012364,0.02888,0.0075,-0.0016,True,0.999933,-0.0067,0.0017,0.0053,0.0053,0.90542,0.022971,0.057622
208,20592,20716,686.4,690.5333,11:26.400,11:30.533,4.1333,Audie Murphy,frozen_hold,0.006372,0.010582,0.0351,0.0063,True,1.000259,0.0259,0.0264,-0.0322,0.0139,0.99128,0.014081,0.021476
209,20716,20796,690.5333,693.2,11:30.533,11:33.200,2.6667,Audie Murphy,frozen_hold,0.001211,0.003238,0.0096,-0.0023,True,0.999939,-0.0061,0.0044,-0.0027,0.0092,0.9924,0.002097,0.006024
210,20796,20962,693.2,698.7333,11:33.200,11:38.733,5.5333,Audie Murphy,character_or_graphic_animation,0.065782,0.164323,0.0572,0.0152,True,1.000842,0.0842,-0.0558,0.0002,-0.0572,0.73913,0.133361,0.337969
211,20962,21053,698.7333,701.7667,11:38.733,11:41.767,3.0333,Audie Murphy,character_or_graphic_animation,0.069531,0.159844,0.0312,0.0102,True,1.000309,0.0309,0.0185,-0.0276,-0.0146,0.91429,0.056066,0.124618
212,21053,21564,701.7667,718.8,11:41.767,11:58.800,17.0333,Audie Murphy,character_or_graphic_animation,0.110981,0.26697,0.04,-0.0014,True,0.999758,-0.0242,0.0191,0.0072,0.0393,0.96008,0.069902,0.207517
213,21564,21622,718.8,720.7333,11:58.800,12:00.733,1.9333,Audie Murphy,character_or_graphic_animation,0.049313,0.107595,0.0931,0.0137,True,1.000265,0.0265,-0.0424,0.0069,-0.0928,0.75063,0.096664,0.216094
214,21622,21685,720.7333,722.8333,12:00.733,12:02.833,2.1,Audie Murphy,frozen_hold,0.001314,0.002544,0.0364,0.0013,True,1.000028,0.0028,-0.013,0.0039,-0.0362,0.98941,0.003663,0.005069
215,21685,21753,722.8333,725.1,12:02.833,12:05.100,2.2667,Audie Murphy,frozen_hold,0.002475,0.006624,0.0124,-0.0004,True,0.999992,-0.0008,-0.0059,0.0013,-0.0123,0.99819,0.004249,0.012969
216,21753,21868,725.1,728.9333,12:05.100,12:08.933,3.8333,Audie Murphy,frozen_hold,0.005628,0.008897,0.0013,0.0,True,1.000001,0.0001,-0.0008,0.0009,-0.0009,0.99682,0.011307,0.017795
217,21868,21986,728.9333,732.8667,12:08.933,12:12.867,3.9333,Audie Murphy,subtle_local_motion,0.024474,0.039357,0.0,0.0,False,1.0,0.0,0.0,0.0,0.0,0.0,1.0,1.0
218,21986,22066,732.8667,735.5333,12:12.867,12:15.533,2.6667,Audie Murphy,character_or_graphic_animation,0.021646,0.060373,29.6756,-0.0347,True,0.999075,-0.0925,-0.0074,-29.5875,-2.2851,0.94146,0.216099,0.369774
219,22066,22120,735.5333,737.3333,12:15.533,12:17.333,1.8,Audie Murphy,character_or_graphic_animation,0.01561,0.052743,29.4421,0.0397,True,1.000714,0.0714,0.0337,-29.4421,0.0056,0.90909,0.240267,0.564323
220,22120,22233,737.3333,741.1,12:17.333,12:21.100,3.7667,Audie Murphy,character_or_graphic_animation,0.032366,0.108872,0.0,0.0,False,1.0,0.0,0.0,0.0,0.0,0.0,1.0,1.0
221,22233,22319,741.1,743.9667,12:21.100,12:23.967,2.8667,Audie Murphy,character_or_graphic_animation,0.048555,0.082578,0.0,0.0,False,1.0,0.0,0.0,0.0,0.0,0.0,1.0,1.0
222,22319,22370,743.9667,745.6667,12:23.967,12:25.667,1.7,Audie Murphy,frozen_hold,0.000541,0.0,0.0007,0.0001,True,1.000001,0.0001,-0.0005,0.0003,-0.0006,0.99929,0.000171,0.0
223,22370,22518,745.6667,750.6,12:25.667,12:30.600,4.9333,Audie Murphy,character_or_graphic_animation,0.053508,0.109349,0.0,0.0,False,1.0,0.0,0.0,0.0,0.0,0.0,1.0,1.0
224,22518,22708,750.6,756.9333,12:30.600,12:36.933,6.3333,Audie Murphy,frozen_hold,6.1e-05,0.0,0.0027,0.0005,True,1.000032,0.0032,0.0003,-0.0027,-0.0005,1.0,0.00012,0.0
